Key,Value
1435144,The Mouse and Helm Hostel
4582840,The Red Fairy Inn
15074640,The Screaming Giant Hostel
38155335,The Rusty Hedgehog Tavern
52842419,The King's Badger Tavern
78015130,The Fox and Cat Inn
126258734,The Savage Skull Tavern
127307321,The Rusty Ogre Lodge
128356798,The Toad and Dog Inn
136747259,The Feather and Gnome Hostel
144089467,The Red Griffin Pub
154578056,The Silver Jug Tavern
156676394,The Rusty Cat Inn
158774290,The Crimson Djinn Lodge
161920136,The White Sword Pub
178703270,The Green Huntsman Hostel
184997721,The Pig and Fawn Pub
200732271,The Feather and Guard Pub
205977264,The Unfortunate Scorpion Tavern
238495080,The Mouse and Jug Hostel
247933417,The Beaver and Fairy Hostel
265766076,The Dancing Jug Pub
279402560,The Restless Griffin Lodge
305623831,The Silver Hedgehog Lodge
314014480,The Gold Gnome Inn
315063105,The Rusty Huntsman Lodge
327648095,The Dirty Djinn Lodge
336038589,The Rat and Guard Inn
342331000,The Unfortunate Woodchuck Tavern
349672193,The Beaver and Woodchuck Lodge
360159968,The Restless Stag Pub
3429338,The Green Jug Tavern
9724788,The Lynx and Porcupine Inn
14971661,The Queen's Griffin Pub
23367291,The Laughing Dog Hostel
26514055,The Lucky Dagger Tavern
30711352,The Silver Badger Tavern
33860020,The Lynx and Pit Inn
34908636,The Rat and Helm Pub
37006757,The Green Dungeon Pub
39104906,The Red Ogre Tavern
40153505,The Crimson Dagger Pub
44349839,The Dancing Pit Tavern
45398435,The Rusty Helm Hostel
49594710,The Laughing Barbarian Lodge
70575230,The Unfortunate Djinn Lodge
77917283,The Silver Skull Lodge
85261281,The Beaver and Guard Inn
89458556,The Green Jug Hostel
90507160,The King's Helm Inn
92605339,The Rat and Badger Pub
94704453,The Laughing Porcupine Inn
97852176,The Screaming Muskrat Tavern
98900755,The Green Bird Lodge
99949360,The Pig and Wolf Tavern
102046546,The Dancing Hedgehog Inn
115681966,The Devil's Woodchuck Hostel
116730577,The Bat and Goblin Inn
128269915,The Gold Wolf Lodge
129318524,The Savage Chasm Lodge
138758725,The Crimson Hedgehog Tavern
140856833,The White Barbarian Tavern
141905448,The Bat and Guard Tavern
142954036,The Lion and Muskrat Inn
150295979,The Restless Djinn Inn
151345575,The Flying Giant Pub
152394215,The Green Griffin Pub
154492334,The Crimson Porcupine Pub
161836332,The Lynx and Chasm Tavern
167080208,The Screaming Hedgehog Inn
201692294,The Lion and Stag Tavern
212182056,The Red Jug Hostel
225816546,The Flying Fawn Tavern
248891243,The Beaver and Dagger Pub
253086525,The Rusty Woodchuck Inn
254135105,The Rusty Badger Hostel
257280915,The Green Rascal Pub
263574243,The Howling Scorpion Tavern
267769537,The King's Sword Inn
271964817,The Lion and Skull Pub
283500290,The Dancing Giant Pub
288745021,The Unfortunate Fawn Pub
295037564,The Green Dragon Tavern
297134854,The Lucky Badger Lodge
302378551,The Dead Scorpion Lodge
323355055,The Beaver and Djinn Lodge
328599030,The Pig and Guard Inn
331744867,The Rat and Helm Pub
332793464,The Rusty Huntsman Tavern
333842138,The Rusty Dragon Inn
340134602,The Mouse and Helm Tavern
348524169,The Pig and Bird Tavern
349573491,The Red Scorpion Tavern
350622206,The King's Fairy Lodge
352719460,The Devil's Wolf Pub
357963190,The Rusty Griffin Lodge
367401481,The Knave and Dog Pub
368450071,The Black Badger Lodge
383132133,The Screaming Djinn Inn
386278617,The Pig and Porcupine Tavern
387327293,The Fox and Scorpion Lodge
389424474,The Restless Woodchuck Pub
390473067,The Beaver and Stag Pub
403057878,The Lynx and Fairy Inn
406203744,The Fox and Mug Pub
407252359,The Black Castle Hostel
409349533,The Black Mug Hostel
411447558,The Silver Ogre Pub
414593314,The Pig and Scorpion Lodge
419836266,The Beaver and Castle Inn
421934256,The Gold Wolf Hostel
426128800,The Red Castle Hostel
430324093,The Crimson Mug Pub
433470632,The Savage Giant Tavern
448152735,The Dwarf and Sword Tavern
449201439,The Gold Pit Tavern
463883463,The Laughing Bird Pub
465980688,The Knave and Dungeon Inn
468078561,The Lynx and Djinn Lodge
475418874,The Lucky Chasm Hostel
480662728,The Dwarf and Dagger Inn
482759903,The Pig and Huntsman Inn
494296001,The Lynx and Gnome Tavern
499538966,The Silver Gnome Tavern
513171575,The Knave and Dragon Hostel
514220177,The Lucky Pit Pub
516317352,The Lion and Castle Hostel
520512475,The Lucky Badger Pub
532047934,The Beaver and Bird Lodge
545681192,The Restless Stag Lodge
550924196,The Knave and Pit Pub
557216594,The Dirty Huntsman Hostel
564556749,The Queen's Scorpion Lodge
565605365,The Bat and Dagger Pub
567702561,The Pig and Hedgehog Hostel
578189329,The Green Pit Lodge
580287209,The Dirty Gnome Inn
583433066,The Mole and Barbarian Inn
584481800,The Bat and Pit Lodge
605457321,The Pig and Goblin Pub
608603803,The Howling Badger Lodge
610701047,The Thirsty Sword Tavern
639020732,The Red Sword Inn
641118634,The Flying Dragon Hostel
644264383,The Laughing Skull Pub
647411156,The Crimson Huntsman Lodge
657899140,The Pig and Fawn Tavern
669436434,The Dancing Porcupine Tavern
673631728,The King's Stag Lodge
675729656,The Howling Griffin Lodge
678875632,The Beaver and Guard Hostel
679924213,The White Pit Lodge
685167926,The Green Pit Tavern
704046307,The Beaver and Muskrat Tavern
709290350,The Knave and Sword Pub
711388240,The White Dungeon Tavern
713485651,The Lion and Sword Pub
720827443,The Knave and Cat Inn
721876027,The Flying Porcupine Lodge
729218048,The Bat and Guard Lodge
730266867,The Crimson Dagger Inn
731316182,The Dancing Barbarian Lodge
738658236,The Knave and Skull Tavern
739707049,The Howling Mug Hostel
741805006,The Dancing Guard Tavern
750194786,The Crimson Woodchuck Pub
775368472,The Lion and Djinn Inn
780612271,The Queen's Dagger Lodge
783758211,The Queen's Fawn Inn
787953319,The Howling Griffin Tavern
789001926,The Thirsty Chasm Inn
791099126,The White Pit Tavern
795294370,The Silver Goat Hostel
807878443,The Black Skull Pub
818365218,The White Muskrat Lodge
820463161,The Laughing Giant Inn
822560366,The Lynx and Priest Lodge
850875070,The Laughing Muskrat Lodge
870800881,The Thirsty Pit Lodge
871849507,The Mouse and Guard Lodge
873946748,The Toad and Huntsman Tavern
880239130,The King's Chasm Hostel
882336320,The Beaver and Bird Hostel
891774523,The White Giant Inn
910653729,The Toad and Rascal Hostel
911702323,The Dead Muskrat Pub
914849027,The Savage Mug Pub
915897632,The Rusty Priest Pub
931629363,The King's Badger Pub
953654343,The Dead Helm Pub
10502323,The Green Dog Hostel
24135807,The Pig and Dog Hostel
28331075,The Fox and Chasm Hostel
31476844,The Flying Hedgehog Lodge
33574946,The Red Ogre Lodge
37769295,The Dead Hedgehog Inn
40915967,The Restless Dog Tavern
54548494,The Beaver and Wolf Pub
60840932,The Thirsty Cat Inn
65035265,The Rat and Ogre Pub
69230516,The Fox and Porcupine Hostel
75522987,The Rat and Helm Lodge
80765903,The Bat and Chasm Lodge
83912568,The Flying Ogre Lodge
89155532,The Screaming Scorpion Inn
91253606,The Queen's Skull Lodge
92302191,The Dancing Badger Hostel
101740368,The Dancing Badger Pub
108031897,The Dancing Porcupine Inn
112227171,The Screaming Wolf Inn
126908249,The Screaming Dagger Inn
153126594,The Dead Helm Lodge
155223763,The Rusty Stag Hostel
166759113,The Mole and Helm Tavern
175147766,The Mouse and Dog Hostel
176197259,The Beaver and Gnome Inn
177245857,The Mouse and Scorpion Pub
182489721,The Bat and Priest Pub
195073694,The Laughing Wolf Pub
196122287,The Mouse and Huntsman Lodge
204511906,The Mouse and Muskrat Hostel
216048185,The Mole and Wolf Tavern
219193945,The King's Dungeon Inn
220242523,The Pig and Dragon Tavern
224437762,The Red Gnome Inn
225486340,The Thirsty Djinn Hostel
227583526,The Lucky Skull Tavern
231777866,The Lion and Muskrat Pub
240167461,The Red Mug Hostel
243313198,The Howling Pit Tavern
246459860,The Red Mug Tavern
254849465,The Mole and Woodchuck Tavern
261140989,The Queen's Ogre Tavern
262189580,The Mole and Skull Inn
271628677,The Mouse and Barbarian Tavern
272677262,The Beaver and Rascal Pub
277920204,The Rusty Porcupine Pub
280018287,The Screaming Djinn Hostel
295748932,The Knave and Fairy Hostel
296797523,The King's Dragon Inn
300991883,The Rat and Ogre Pub
319868217,The Savage Pit Lodge
320916802,The Bat and Hedgehog Lodge
323013972,The Green Woodchuck Hostel
325111152,The Screaming Fawn Inn
326160634,The Thirsty Rascal Hostel
331403555,The White Castle Hostel
332452135,The Feather and Dungeon Hostel
362864800,The Feather and Dog Lodge
367059157,The Restless Mug Hostel
377546898,The King's Dragon Hostel
384887886,The Green Ogre Pub
388033664,The Screaming Badger Hostel
394326106,The White Fairy Lodge
396424217,The Red Wolf Tavern
401667152,The Knave and Huntsman Tavern
405862460,The Black Stag Hostel
418448322,The King's Sword Lodge
423693192,The Mole and Scorpion Tavern
437325718,The Feather and Dungeon Tavern
446764897,The Knave and Dog Pub
455154502,The Fox and Cat Hostel
469836591,The Dwarf and Bird Inn
482421497,The Toad and Scorpion Tavern
499201721,The Black Barbarian Pub
503396975,The Lion and Guard Inn
506542713,The Green Helm Lodge
507591293,The Silver Pit Hostel
524370504,The Toad and Fairy Hostel
536955421,The Gold Mug Pub
562124287,The Restless Barbarian Hostel
565271967,The Green Skull Lodge
567369142,The Pig and Chasm Pub
569466309,The Crimson Goat Inn
570514891,The Unfortunate Chasm Lodge
575759760,The Rusty Sword Lodge
579955059,The Crimson Sword Pub
582052238,The Crimson Giant Inn
592539962,The White Huntsman Tavern
595685724,The Dwarf and Helm Tavern
596735260,The Mole and Scorpion Inn
608271575,The Devil's Scorpion Pub
615611672,The Dead Barbarian Lodge
624002256,The Dancing Bird Tavern
630294688,The Gold Djinn Tavern
640781490,The Silver Griffin Hostel
647073963,The King's Dungeon Hostel
653366409,The Howling Djinn Tavern
661756962,The Gold Djinn Lodge
662805549,The Black Djinn Inn
665951305,The Lion and Porcupine Lodge
670146574,The Laughing Ogre Inn
671195204,The Screaming Castle Hostel
689022980,The Dwarf and Skull Lodge
691121124,The White Priest Lodge
697413586,The Fox and Mug Inn
704754632,The Lynx and Muskrat Hostel
705803210,The Mouse and Skull Pub
715241376,The Dwarf and Mug Pub
730973998,The Fox and Castle Hostel
733071170,The Knave and Djinn Tavern
742512330,The Gold Griffin Pub
746707640,The Lynx and Hedgehog Hostel
748804803,The King's Gnome Hostel
754052660,The Silver Mug Pub
759297545,The Red Cat Lodge
761395704,The Queen's Rascal Hostel
788666676,The Queen's Barbarian Tavern
789715272,The Green Woodchuck Hostel
790764832,The Queen's Sword Inn
803352738,The White Griffin Lodge
805449910,The Black Helm Inn
812793926,The Queen's Guard Lodge
74919500,The Bat and Ogre Tavern
77016666,The Screaming Griffin Pub
102186544,The Fox and Goat Pub
115820964,The Bat and Sword Pub
123162909,The Flying Scorpion Lodge
130505957,The Devil's Griffin Lodge
143091869,The Red Chasm Tavern
145189125,The Thirsty Jug Inn
151481625,The King's Guard Inn
190287842,The Crimson Goblin Hostel
195530860,The Dancing Mug Lodge
29363789,The Lynx and Stag Inn
30412371,The Dwarf and Wolf Pub
33558134,The Gold Djinn Inn
39849797,The Crimson Fawn Lodge
49287929,The Lion and Goat Lodge
57677384,The Dirty Huntsman Hostel
76552989,The Knave and Guard Pub
81796618,The Green Dog Hostel
125839025,The Gold Cat Lodge
131081982,The Bat and Wolf Tavern
133179783,The Green Huntsman Lodge
139471380,The Mouse and Giant Pub
145762949,The Crimson Helm Inn
158346795,The Screaming Dagger Hostel
160444066,The Mouse and Fawn Hostel
177223040,The Pig and Hedgehog Inn
179320196,The Savage Guard Pub
184563177,The Beaver and Gnome Lodge
194000478,The Toad and Fawn Lodge
200292689,The Lynx and Dagger Pub
209730038,The Flying Dog Hostel
213924425,The Howling Fawn Inn
217070855,The White Huntsman Hostel
235946453,The Gold Dog Lodge
244335820,The Dwarf and Woodchuck Lodge
253773216,The Beaver and Dungeon Pub
263211382,The Mole and Djinn Tavern
271600876,The Flying Guard Tavern
295719331,The Unfortunate Castle Lodge
318790042,The Rat and Goblin Hostel
320887239,The Lion and Woodchuck Tavern
330325274,The Rat and Bird Inn
332422496,The Fox and Hedgehog Hostel
346055029,The Thirsty Stag Pub
353395858,The Red Muskrat Tavern
357590206,The Thirsty Djinn Lodge
359687435,The Rat and Sword Tavern
389049620,The Green Gnome Hostel
399536318,The King's Wolf Lodge
400584937,The Screaming Goat Hostel
414217330,The Mouse and Scorpion Pub
435190628,The Black Dagger Hostel
436239216,The Savage Hedgehog Tavern
475038907,The Beaver and Muskrat Hostel
493914215,The Red Helm Lodge
507546651,The Pig and Goblin Inn
523276274,The Red Bird Inn
525373473,The Beaver and Guard Lodge
529568475,The Knave and Helm Lodge
544248860,The Bat and Goblin Pub
547394649,The Howling Scorpion Inn
551589642,The Bat and Rascal Lodge
562075704,The Bat and Stag Hostel
588292027,The Screaming Helm Tavern
604021624,The Rusty Priest Lodge
608216757,The Lucky Helm Hostel
613459696,The White Chasm Hostel
619751314,The Knave and Badger Hostel
623946460,The Rusty Bird Pub
633383833,The Rat and Chasm Lodge
636530340,The Lynx and Helm Tavern
651211473,The Dwarf and Giant Pub
661698159,The Mole and Fairy Pub
665892559,The Lynx and Griffin Hostel
670086985,The Thirsty Barbarian Pub
682670829,The Lynx and Huntsman Hostel
722519733,The Rusty Porcupine Tavern
723568358,The Beaver and Goat Hostel
734055075,The Feather and Gnome Lodge
737200883,The Green Gnome Lodge
749784748,The Mouse and Barbarian Lodge
765514314,The Silver Gnome Pub
772855295,The Crimson Hedgehog Hostel
774952503,The Silver Ogre Pub
779147739,The Rat and Hedgehog Pub
805364290,The Dirty Helm Inn
807462219,The Dwarf and Fairy Lodge
809559408,The Rusty Cat Hostel
810607996,The King's Stag Pub
816899609,The Mole and Woodchuck Tavern
817948192,The Lion and Dagger Lodge
829483517,The Howling Fairy Pub
834727253,The Mole and Hedgehog Lodge
841018800,The Pig and Skull Lodge
855699828,The Mole and Scorpion Hostel
865137932,The Fox and Wolf Inn
867235268,The Mouse and Wolf Tavern
873527715,The Mouse and Muskrat Tavern
877722846,The Restless Goblin Tavern
897647779,The Lucky Wolf Tavern
911279528,The Rusty Priest Pub
972103790,The White Priest Tavern
981541891,The Screaming Djinn Lodge
994125848,The Mouse and Skull Lodge
995174436,The Gold Mug Pub
1005661227,The Mole and Dog Pub
1018245217,The Feather and Goblin Tavern
1046559583,The Laughing Muskrat Lodge
1047608170,The Green Priest Tavern
1050753990,The Black Helm Inn
1058094128,The Dead Helm Pub
1064386392,The Rusty Castle Pub
1078018859,The Bat and Scorpion Inn
1080116048,The Mouse and Gnome Hostel
1084310425,The Laughing Gnome Hostel
1102137278,The Silver Dragon Hostel
1108429571,The Dwarf and Huntsman Inn
1114721127,The Unfortunate Guard Pub
1122062063,The Silver Castle Hostel
1124159261,The Howling Dungeon Tavern
1140938435,The White Fairy Hostel
1161911958,The Knave and Giant Pub
1168203606,The Pig and Dragon Hostel
1173447278,The Restless Giant Pub
1176593120,The Rusty Bird Inn
1189177112,The Queen's Fairy Hostel
1192323730,The Silver Scorpion Pub
1205956335,The Red Skull Pub
1274120580,The Thirsty Dagger Hostel
1281461616,The Dancing Huntsman Inn
1295094098,The Lion and Cat Inn
1297191286,The Lion and Mug Tavern
1316066805,The Laughing Bird Inn
1323407826,The King's Djinn Inn
1353819488,The Laughing Fawn Hostel
1355916686,The Mouse and Sword Hostel
1362208194,The Lion and Priest Lodge
1376890140,The Screaming Ogre Tavern
1386328258,The Dwarf and Huntsman Lodge
1450296418,The Queen's Dog Pub
1451345026,The Dancing Guard Hostel
1556213556,The Toad and Scorpion Tavern
1569847079,The Savage Chasm Hostel
1579284444,The Devil's Woodchuck Hostel
1590819777,The Dwarf and Goblin Tavern
1593966320,The Fox and Fawn Lodge
1610745707,The Crimson Mug Pub
1623329588,The Silver Chasm Pub
1641157348,The Gold Fawn Tavern
1642205927,The Flying Bird Inn
1649546894,The Silver Goblin Hostel
1651644166,The Fox and Gnome Tavern
1687299719,The Mouse and Porcupine Hostel
1692542650,The Screaming Ogre Inn
1704078953,The Rusty Priest Inn
1725054437,The Lucky Gnome Hostel
1727153616,The Green Fawn Tavern
1739739531,The Flying Woodchuck Tavern
1756521774,The Red Woodchuck Hostel
1764912325,The Screaming Badger Hostel
1768059040,The Black Huntsman Lodge
1771204807,The Restless Dagger Inn
1829940103,The Dirty Huntsman Lodge
1836233494,The Crimson Gnome Pub
1844625111,The Thirsty Helm Inn
1851968135,The Black Stag Lodge
1871895112,The Silver Rascal Pub
1876091384,The Red Helm Hostel
1877139970,The Unfortunate Badger Lodge
1894973772,The Restless Ogre Pub
1919099061,The Unfortunate Ogre Hostel
56769371,The Dwarf and Castle Pub
68305607,The Black Gnome Tavern
79841045,The Devil's Sword Inn
90327726,The Silver Priest Lodge
105009761,The Fox and Fawn Lodge
110252690,The Gold Pit Tavern
113398478,The Red Bird Tavern
116545077,The Savage Priest Pub
124934670,The Toad and Goat Tavern
159539685,The King's Griffin Inn
160588263,The Queen's Rascal Pub
161636842,The Lion and Sword Inn
162685464,The Fox and Djinn Hostel
175269333,The Dirty Skull Pub
178415074,The Rusty Mug Tavern
182609444,The Howling Pit Lodge
196241888,The Howling Stag Inn
214068697,The Gold Dragon Lodge
230846876,The Red Jug Inn
235041208,The Lucky Castle Pub
250770796,The Savage Dog Tavern
261256595,The Red Ogre Lodge
269645275,The Lynx and Chasm Inn
271742456,The Fox and Dungeon Tavern
295860718,The Knave and Porcupine Pub
297958683,The Lucky Pit Lodge
305298763,The Beaver and Hedgehog Lodge
306347343,The Lynx and Huntsman Lodge
317881806,The Mouse and Ogre Tavern
319978968,The Howling Dog Pub
323125528,The Devil's Goblin Tavern
337805699,The Savage Giant Hostel
342000021,The Bat and Fawn Lodge
343048599,The Lynx and Badger Inn
353535223,The Devil's Griffin Inn
362972519,The Dwarf and Giant Inn
370313433,The White Goblin Lodge
382896492,The Dirty Dungeon Hostel
390237388,The Red Porcupine Pub
403868984,The Gold Jug Hostel
417501379,The Thirsty Skull Pub
419598568,The Red Dungeon Pub
430084449,The Dwarf and Fawn Inn
441619711,The Screaming Djinn Inn
448960626,The Lion and Scorpion Inn
459446460,The Dwarf and Goat Inn
475175217,The Silver Gnome Lodge
489856220,The Knave and Dungeon Lodge
499294305,The Rat and Sword Lodge
515024030,The Bat and Dungeon Inn
526558438,The Flying Sword Lodge
568504357,The Thirsty Hedgehog Pub
573747291,The Toad and Skull Lodge
580038796,The Thirsty Goat Lodge
590525450,The Knave and Rascal Lodge
604157029,The Screaming Rascal Pub
606254198,The Lucky Goat Lodge
620935207,The Restless Chasm Lodge
633519047,The Black Cat Hostel
634567630,The Fox and Gnome Tavern
644004873,The Green Stag Hostel
647150663,The Crimson Guard Tavern
649248639,The Black Chasm Inn
659734505,The Gold Goblin Hostel
662880276,The Dead Ogre Hostel
681756494,The Flying Fairy Lodge
704826255,The Silver Castle Hostel
733138903,The Rusty Cat Inn
817029820,The Queen's Helm Tavern
831710882,The Lynx and Hedgehog Pub
836953823,The Restless Huntsman Inn
840099564,The Black Fawn Lodge
846391074,The Rusty Fairy Hostel
886238998,The Feather and Bird Lodge
895677035,The Flying Rascal Tavern
898822783,The Pig and Skull Pub
944962115,The Restless Mug Pub
998442476,The Devil's Wolf Tavern
1001588242,The Dirty Goat Hostel
1017317857,The Silver Cat Pub
1029900873,The Lynx and Dagger Inn
1037241787,The Knave and Castle Pub
1042484703,The Lynx and Muskrat Tavern
1064505786,The Laughing Fairy Hostel
1065554370,The Dancing Ogre Hostel
1069748723,The Red Stag Tavern
1080234554,The Unfortunate Goblin Inn
1094915526,The Howling Hedgehog Tavern
1099109874,The Pig and Porcupine Inn
1109596593,The Fox and Pit Lodge
1110645172,The Lion and Helm Pub
1113790917,The Unfortunate Fawn Inn
1121131020,The Lynx and Dragon Pub
1123228203,The Green Skull Lodge
1126374788,The Feather and Gnome Inn
1135812076,The Beaver and Woodchuck Tavern
1137909244,The Rat and Barbarian Pub
1141055836,The Beaver and Sword Hostel
1175660844,The Rat and Dog Hostel
1190341030,The Savage Huntsman Hostel
1205022037,The Howling Rascal Tavern
1212362117,The Bat and Dragon Pub
1216556443,The White Huntsman Pub
1232286103,The Knave and Stag Inn
1233335508,The Gold Guard Pub
1246967085,The Mole and Badger Inn
1258502372,The Pig and Djinn Inn
1261648130,The Crimson Chasm Inn
1263745309,The Laughing Gnome Inn
1270036836,The Toad and Goblin Inn
1278426375,The Beaver and Djinn Tavern
1281572139,The Knave and Priest Tavern
1287864509,The Unfortunate Goat Inn
1330860135,The Black Jug Tavern
1335055425,The Green Hedgehog Inn
1336104019,The Lucky Dagger Lodge
1343445045,The Red Barbarian Lodge
1345542227,The Silver Mug Pub
1347640330,The Flying Muskrat Pub
1362322414,The Lion and Stag Tavern
1364420538,The Laughing Dragon Lodge
1369663471,The Mouse and Badger Inn
1372810157,The Unfortunate Giant Hostel
42024244,The Dirty Hedgehog Hostel
80831512,The Savage Jug Hostel
90269718,The Gold Helm Hostel
93415479,The Mole and Fairy Pub
95513577,The Knave and Dagger Inn
110196692,The Mouse and Fairy Hostel
118587238,The Restless Bird Tavern
135367472,The Laughing Bird Hostel
146904798,The Rat and Wolf Inn
234996237,The Dirty Hedgehog Inn
293725428,The Devil's Griffin Hostel
327283897,The Rat and Stag Hostel
343014544,The Dwarf and Guard Lodge
365037588,The Crimson Castle Inn
388109267,The Green Cat Tavern
404889519,The Savage Castle Lodge
410133368,The Fox and Cat Lodge
420621164,The Dead Dog Tavern
426914598,The Bat and Muskrat Tavern
8647736,The Mouse and Helm Inn
9697304,The Red Dog Hostel
17041339,The Dwarf and Djinn Lodge
23340783,The Beaver and Rascal Lodge
8733005,The Crimson Barbarian Tavern
30762091,The Flying Goat Inn
54887304,The Flying Barbarian Inn
56984466,The Devil's Skull Lodge
65376071,The Feather and Barbarian Tavern
67473237,The Toad and Wolf Pub
71668522,The Thirsty Hedgehog Lodge
72717110,The Beaver and Rascal Hostel
91595492,The Unfortunate Dagger Inn
99986051,The Howling Helm Pub
111521446,The Lucky Bird Lodge
123056817,The King's Dagger Tavern
126203456,The Lucky Djinn Lodge
128300638,The Rusty Castle Inn
142981779,The Knave and Huntsman Lodge
157662818,The Green Goat Pub
165003824,The Rusty Huntsman Tavern
183880163,The Lucky Stag Inn
192268840,The Silver Hedgehog Lodge
212193771,The Lion and Goat Lodge
228972944,The Silver Giant Tavern
230021533,The Screaming Badger Pub
246799718,The Howling Pit Lodge
256237886,The Rusty Castle Pub
257286491,The Lion and Barbarian Tavern
262529420,The Rusty Ogre Pub
264627462,The Black Pit Lodge
269870409,The Fox and Sword Inn
284551465,The Rusty Skull Pub
286648633,The Queen's Porcupine Tavern
295038211,The Flying Muskrat Hostel
306573574,The Black Goblin Lodge
310768824,The Lion and Fawn Hostel
319157507,The Beaver and Badger Pub
344325309,The Black Dragon Lodge
347471056,The Black Barbarian Inn
353763451,The Green Sword Tavern
363201614,The Red Fairy Tavern
368444530,The Beaver and Ogre Lodge
381028481,The Silver Barbarian Pub
386271403,The Thirsty Muskrat Lodge
388368564,The King's Fawn Inn
408293426,The Feather and Huntsman Inn
411439225,The Howling Bird Lodge
415634430,The Red Dungeon Hostel
430315513,The Gold Gnome Lodge
437656528,The Bat and Badger Hostel
453386186,The Devil's Sword Inn
469116791,The Bat and Dragon Lodge
473311152,The Toad and Dagger Inn
476456907,The Toad and Giant Hostel
491138924,The King's Fairy Tavern
512112475,The Unfortunate Helm Pub
517356331,The King's Gnome Lodge
529941225,The Feather and Gnome Hostel
541476617,The Rat and Dog Hostel
545671925,The Lynx and Scorpion Pub
548818651,The Queen's Guard Tavern
554063529,The Lynx and Ogre Inn
556160715,The Thirsty Muskrat Tavern
558258839,The Savage Dragon Lodge
565600898,The Dwarf and Fawn Tavern
567699020,The Rat and Helm Tavern
573992478,The King's Wolf Tavern
24240615,The Unfortunate Jug Hostel
51507639,The Laughing Griffin Pub
57800087,The Rusty Fawn Lodge
60946771,The Howling Guard Inn
63043962,The Beaver and Porcupine Pub
78774608,The Dirty Hedgehog Lodge
92408040,The Fox and Jug Hostel
94505213,The Restless Stag Pub
99748176,The Crimson Helm Lodge
102893955,The Toad and Priest Hostel
107089131,The Lynx and Fairy Lodge
111283469,The Thirsty Dagger Lodge
136451231,The Queen's Skull Inn
141694188,The King's Gnome Lodge
149035172,The Bat and Gnome Inn
177347767,The Rat and Giant Pub
183640156,The Feather and Priest Lodge
185737334,The King's Goat Inn
199368907,The Queen's Stag Lodge
201466067,The Feather and Skull Hostel
236071110,The Crimson Scorpion Lodge
250752144,The Green Dagger Inn
251800743,The Crimson Giant Pub
260190258,The Dirty Skull Inn
295843842,The Red Bird Inn
308427773,The Silver Rascal Hostel
359811902,The Flying Castle Lodge
377638718,The Queen's Bird Hostel
391271240,The Restless Giant Lodge
399659952,The Feather and Cat Tavern
402806544,The Mole and Jug Pub
403855132,The Rat and Hedgehog Inn
447898287,The Savage Scorpion Tavern
460481306,The Laughing Castle Hostel
477259566,The Gold Stag Hostel
498232948,The Dwarf and Helm Inn
515011167,The Black Ogre Inn
526545625,The Crimson Sword Lodge
534935181,The Unfortunate Dagger Tavern
535983772,The Green Sword Lodge
569541164,The Savage Badger Lodge
572686907,The Dwarf and Ogre Lodge
586319364,The Dead Dog Inn
588416523,The Crimson Giant Pub
599951854,The Black Chasm Tavern
612535777,The Thirsty Muskrat Inn
619875882,The Dancing Priest Hostel
626168218,The Dead Gnome Inn
637703591,The Mole and Dog Pub
737337268,The Lynx and Hedgehog Hostel
2376796,The Savage Gnome Pub
11815980,The Feather and Badger Lodge
22301861,The Queen's Dagger Lodge
67394571,The Pig and Sword Hostel
78929933,The Gold Stag Inn
90466185,The Red Mug Tavern
94660583,The Dwarf and Fawn Hostel
99904389,The Rat and Scorpion Lodge
105147314,The Thirsty Dragon Hostel
106195896,The Savage Bird Lodge
120876994,The Laughing Jug Tavern
122974162,The Dead Barbarian Pub
124023629,The Green Scorpion Hostel
126120804,The Devil's Badger Lodge
128217987,The Laughing Griffin Hostel
135559022,The Toad and Cat Tavern
140801944,The Red Cat Inn
158629706,The Gold Fawn Tavern
161776370,The Toad and Dungeon Lodge
162824984,The Dirty Hedgehog Lodge
164922165,The King's Cat Inn
165970748,The Devil's Wolf Hostel
173311714,The Dwarf and Sword Lodge
178554621,The King's Sword Pub
180651791,The Flying Porcupine Inn
201625309,The Black Barbarian Lodge
206869143,The Howling Rascal Pub
210014934,The Devil's Stag Inn
216307322,The Feather and Dragon Hostel
228891261,The Dancing Dragon Hostel
258254392,The Rat and Muskrat Inn
261400152,The Silver Priest Lodge
265595426,The Silver Dagger Hostel
282373639,The Green Fawn Tavern
284470813,The Queen's Gnome Hostel
286568007,The Savage Goblin Tavern
292860429,The Thirsty Griffin Pub
299152850,The Knave and Goblin Lodge
306492915,The Feather and Huntsman Tavern
319076862,The Black Barbarian Hostel
346342818,The Flying Ogre Lodge
353683815,The Lion and Porcupine Lodge
380951850,The Dirty Scorpion Lodge
383049923,The Flying Priest Tavern
63106479,The Gold Rascal Tavern
86178123,The Laughing Huntsman Lodge
94567734,The Toad and Barbarian Pub
191049734,The Red Dog Tavern
194195496,The Unfortunate Priest Hostel
251872169,The Lucky Goat Pub
264456050,The Mole and Helm Hostel
266553235,The Dirty Goat Lodge
289623903,The Beaver and Mug Inn
321084108,The Lucky Porcupine Tavern
363029247,The Mouse and Dog Inn
395538016,The Rat and Hedgehog Inn
398683763,The Pig and Hedgehog Tavern
409170488,The Dirty Djinn Inn
412316249,The Dwarf and Griffin Lodge
451116586,The Knave and Giant Pub
454262331,The Flying Barbarian Tavern
465797661,The Dancing Priest Pub
482575897,The Thirsty Dagger Tavern
488868314,The Screaming Dagger Hostel
499355102,The Bat and Cat Hostel
507744682,The Restless Djinn Inn
514036216,The Restless Dagger Tavern
526620080,The Black Fairy Lodge
580103412,The Savage Goblin Tavern
593735892,The Mole and Rascal Tavern
605271219,The Toad and Helm Lodge
624146664,The Gold Bird Tavern
626243820,The Knave and Sword Hostel
632536201,The Fox and Goat Hostel
646168700,The White Porcupine Inn
703844373,The Fox and Fairy Inn
706990115,The Green Castle Lodge
719573115,The Rat and Ogre Pub
734255097,The Feather and Stag Lodge
738449420,The Dirty Jug Hostel
769908736,The White Dungeon Hostel
773054482,The Rat and Priest Hostel
782493572,The Pig and Priest Pub
785639316,The Dead Badger Lodge
790882248,The Rusty Bird Hostel
801368973,The Lynx and Giant Hostel
806612838,The Queen's Guard Tavern
812904336,The King's Dagger Pub
844365590,The King's Dragon Lodge
862193432,The Thirsty Chasm Inn
863242016,The Queen's Guard Inn
865340102,The Rusty Skull Tavern
868485893,The Restless Dog Pub
872681194,The Restless Dagger Tavern
875827920,The Flying Priest Hostel
890513001,The Green Rascal Pub
6294721,The Feather and Woodchuck Pub
10490982,The Green Hedgehog Tavern
11539560,The Feather and Huntsman Hostel
15733892,The Gold Griffin Inn
16782477,The King's Mug Inn
24124469,The Crimson Griffin Tavern
31466510,The Silver Dungeon Lodge
55588763,The Green Porcupine Tavern
57686896,The Feather and Pit Hostel
58735477,The Dancing Dungeon Pub
62930778,The Green Sword Inn
68173712,The Rusty Fawn Inn
75514746,The Rat and Gnome Hostel
77612842,The Lion and Huntsman Inn
79710007,The Unfortunate Muskrat Inn
83905349,The Laughing Fawn Lodge
84953929,The Fox and Fawn Inn
104880873,The Lion and Dagger Inn
106978964,The Red Guard Tavern
109076127,The Fox and Griffin Tavern
120613438,The Silver Stag Hostel
124807783,The Mole and Priest Tavern
154173923,The White Jug Pub
168855976,The Beaver and Porcupine Hostel
175148461,The Bat and Pit Inn
177246504,The Devil's Rascal Pub
178295098,The Lynx and Woodchuck Tavern
181440919,The Lucky Helm Hostel
184587543,The Howling Griffin Lodge
187733295,The Silver Guard Pub
189830491,The Unfortunate Goat Inn
198221021,The Screaming Porcupine Pub
204513481,The Bat and Sword Inn
223390821,The Lucky Dog Lodge
226536599,The Mole and Goat Pub
235974758,The Beaver and Dragon Hostel
237023362,The Pig and Priest Lodge
242267288,The Dwarf and Dog Hostel
250656890,The Fox and Muskrat Pub
255900744,The Lion and Castle Pub
256949323,The Dancing Rascal Lodge
266387542,The Toad and Giant Pub
327212890,The Screaming Sword Hostel
332456740,The Black Mug Pub
335602530,The Fox and Mug Pub
338748274,The Black Dungeon Lodge
339796852,The Bat and Giant Hostel
348186490,The Rusty Wolf Inn
349235956,The Rusty Dog Hostel
359722748,The Beaver and Jug Lodge
369160997,The White Dog Lodge
370209577,The Crimson Fawn Hostel
377550594,The Dirty Giant Inn
378599177,The Restless Ogre Pub
379647781,The Knave and Ogre Lodge
381745889,The Black Scorpion Tavern
391184082,The Knave and Ogre Inn
145840,The Lion and Goblin Inn
8538426,The Crimson Dog Pub
15881480,The Dancing Guard Hostel
26371197,The Mouse and Jug Lodge
65178520,The Red Porcupine Pub
66227106,The Mole and Giant Tavern
76717889,The Flying Gnome Lodge
81963733,The Dead Hedgehog Pub
87207637,The Thirsty Dragon Inn
90355341,The Lucky Priest Hostel
93502081,The Toad and Wolf Lodge
100845096,The Lion and Helm Pub
111333883,The Fox and Guard Hostel
113432014,The King's Porcupine Lodge
117627347,The Crimson Goblin Inn
130214234,The Restless Wolf Inn
140702024,The Devil's Chasm Pub
141750602,The Thirsty Castle Hostel
148044021,The Gold Fawn Inn
159582373,The Gold Badger Tavern
182658019,The Bat and Castle Pub
184755180,The Pig and Muskrat Tavern
187900925,The Savage Pit Inn
197341089,The Rat and Rascal Hostel
198389667,The Knave and Pit Tavern
11633062,The Queen's Huntsman Tavern
13731196,The Savage Mug Tavern
32610552,The Unfortunate Bird Inn
39952595,The Mole and Sword Hostel
45197465,The Dead Badger Lodge
58832959,The Thirsty Castle Pub
60930118,The Laughing Dagger Lodge
73518031,The Green Muskrat Pub
92399406,The Silver Porcupine Pub
99741445,The Knave and Guard Pub
112327368,The King's Muskrat Pub
119670378,The Rat and Porcupine Pub
151133706,The Thirsty Chasm Inn
159525324,The Savage Bird Hostel
165826796,The Black Pit Hostel
39658,The Lynx and Jug Hostel
12635571,The Silver Dungeon Lodge
14734731,The Rat and Huntsman Lodge
38868003,The Beaver and Fairy Hostel
43064282,The Green Dog Hostel
49356770,The Rat and Wolf Tavern
54602643,The Feather and Dungeon Inn
58798921,The Laughing Fawn Hostel
61946658,The Dirty Sword Pub
76630739,The Laughing Griffin Hostel
90270234,The Beaver and Muskrat Tavern
94465531,The Flying Dagger Tavern
101810565,The Feather and Dog Hostel
107056408,The Gold Porcupine Lodge
112302298,The Savage Jug Pub
122797074,The Thirsty Giant Pub
126996372,The Lynx and Cat Inn
129097518,The Dwarf and Griffin Lodge
7429677,The Dancing Porcupine Inn
28409150,The Pig and Barbarian Pub
44141808,The Toad and Cat Inn
47288549,The Devil's Barbarian Pub
60923036,The Devil's Goblin Lodge
64069732,The Pig and Castle Hostel
104971246,The Restless Gnome Hostel
109167477,The Restless Porcupine Tavern
136436484,The Mouse and Scorpion Pub
140632741,The Black Badger Inn
142730887,The Silver Dagger Hostel
146925239,The Feather and Wolf Inn
149024343,The Knave and Jug Hostel
151121514,The Feather and Hedgehog Hostel
170001864,The Dwarf and Bird Hostel
196232322,The Dirty Fawn Inn
11576976,The Red Castle Lodge
18918965,The Restless Dungeon Hostel
26259994,The Rat and Mug Hostel
31503886,The Lynx and Fairy Tavern
47236565,The Mouse and Goblin Lodge
59822465,The Queen's Bird Pub
71359774,The Pig and Griffin Hostel
101775436,The Howling Muskrat Inn
126944350,The Pig and Skull Lodge
130091012,The Rusty Fawn Hostel
145822629,The Fox and Jug Hostel
152114156,The Dead Griffin Tavern
159455161,The Knave and Porcupine Inn
167844792,The Rat and Badger Tavern
178332507,The Screaming Gnome Pub
185673512,The Mole and Ogre Tavern
191965054,The Laughing Griffin Inn
197208897,The Savage Rascal Tavern
208745187,The Green Barbarian Hostel
211890964,The Rat and Giant Hostel
213988151,The Rat and Dagger Lodge
229718756,The Mole and Guard Inn
242303652,The Dead Hedgehog Lodge
263277202,The Restless Griffin Inn
265374381,The Mole and Hedgehog Lodge
271666769,The Dancing Goat Hostel
273763974,The Dirty Goblin Inn
277959218,The Dead Cat Tavern
283203078,The Savage Goblin Tavern
291592723,The Toad and Castle Hostel
297886192,The Flying Huntsman Inn
28318092,The Devil's Fairy Hostel
30415274,The Bat and Goat Inn
31463855,The Knave and Djinn Tavern
41951533,The Silver Mug Pub
43000161,The Lucky Barbarian Pub
67120446,The Laughing Hedgehog Hostel
110118975,The Queen's Helm Pub
113265666,The Lucky Hedgehog Hostel
141582225,The Green Scorpion Pub
8433063,The Knave and Fairy Tavern
27313434,The Dwarf and Woodchuck Tavern
29410600,The King's Barbarian Inn
66125730,The Dancing Bird Lodge
100738759,The Knave and Priest Tavern
130106904,The Lynx and Rascal Inn
177308831,The Unfortunate Goat Inn
183602239,The Savage Pit Lodge
186748949,The Rusty Scorpion Inn
193041474,The Dancing Fawn Hostel
196188162,The Thirsty Gnome Pub
209822609,The Rusty Chasm Pub
212968376,The Screaming Huntsman Lodge
255975021,The Fox and Helm Inn
266463817,The Lynx and Fawn Pub
267513323,The Mole and Dog Tavern
2098464,The White Pit Lodge
5244205,The King's Goblin Pub
7341378,The Laughing Goat Hostel
10487128,The Thirsty Ogre Inn
14681465,The Toad and Hedgehog Pub
19925250,The Black Griffin Pub
34606375,The Lynx and Guard Lodge
40897906,The Knave and Dragon Inn
49287508,The Dead Dagger Hostel
63969437,The Silver Huntsman Tavern
65018028,The Thirsty Wolf Tavern
74455287,The Lucky Giant Lodge
76552467,The Screaming Fawn Lodge
85990674,The Lucky Cat Hostel
93331632,The Gold Mug Lodge
96477369,The Gold Goblin Pub
106964139,The Beaver and Barbarian Pub
109061308,The Fox and Sword Tavern
110109889,The Red Scorpion Pub
115353699,The Green Goat Pub
119548034,The Screaming Djinn Lodge
139472958,The Crimson Scorpion Tavern
141570121,The Silver Huntsman Pub
156251176,The Dirty Jug Lodge
161494103,The Black Dragon Pub
168835099,The Devil's Helm Inn
216025016,The Fox and Muskrat Hostel
248532877,The Lion and Dragon Pub
261116726,The Black Scorpion Tavern
263213935,The Howling Goblin Pub
300964709,The Lynx and Fairy Lodge
307256209,The Dirty Dog Inn
314597170,The Savage Dungeon Pub
321938142,The Green Cat Pub
341862198,The Restless Giant Tavern
345008827,The Green Goat Hostel
348154611,The Flying Priest Lodge
351300357,The Crimson Muskrat Inn
356544179,The Screaming Rascal Inn
361787133,The Bat and Priest Lodge
377516735,The Flying Dagger Inn
416317008,The White Goat Tavern
430998061,The Howling Dog Inn
450922114,The Black Goat Inn
455117306,The Pig and Wolf Hostel
457214479,The Black Jug Tavern
462457429,The Lucky Skull Pub
473992778,The Rat and Sword Inn
477139360,The Restless Barbarian Inn
478187941,The Flying Barbarian Pub
480285131,The Flying Dog Hostel
496014842,The Rat and Goblin Tavern
531670362,The Crimson Chasm Tavern
536913290,The Toad and Scorpion Lodge
558937330,The Black Helm Inn
16821575,The Dirty Bird Tavern
21016921,The Lion and Porcupine Hostel
32555237,The Mole and Porcupine Tavern
39897258,The Silver Huntsman Pub
40946829,The Bat and Goblin Hostel
87095172,The Rat and Griffin Lodge
136393282,The Lion and Skull Hostel
160517537,The Screaming Huntsman Inn
215057458,The Dwarf and Woodchuck Tavern
218204180,The Beaver and Mug Inn
232887243,The Dwarf and Bird Inn
300010091,The Lion and Djinn Pub
102317,The Dead Scorpion Tavern
2200451,The Dwarf and Griffin Lodge
28424822,The Lynx and Helm Lodge
35765900,The Devil's Muskrat Pub
47305205,The Bat and Skull Hostel
48353810,The Howling Huntsman Inn
61993314,The Pig and Dragon Lodge
64091412,The Fox and Skull Lodge
68286711,The Screaming Dog Pub
74580205,The Toad and Skull Tavern
88215680,The Green Jug Hostel
95556726,The Unfortunate Goblin Hostel
100801584,The Pig and Woodchuck Hostel
104996873,The Feather and Barbarian Inn
131220303,The Black Castle Lodge
133317464,The Thirsty Goblin Pub
139610902,The Dirty Fairy Inn
144855775,The Laughing Goat Hostel
171079189,The Flying Hedgehog Inn
172127795,The Fox and Helm Lodge
178422212,The Lion and Stag Inn
182618552,The King's Castle Pub
204659633,The Beaver and Helm Inn
206757801,The Lion and Priest Inn
230887052,The Lynx and Pit Tavern
236132915,The Restless Skull Tavern
240332220,The Dancing Barbarian Tavern
5696063,The Rusty Bird Lodge
16188823,The Green Dungeon Hostel
19334569,The Queen's Cat Lodge
23530863,The Gold Skull Pub
27726153,The Mouse and Guard Pub
40312067,The Dirty Giant Tavern
41360653,The King's Scorpion Lodge
45555953,The Toad and Goblin Pub
47653120,The Feather and Sword Lodge
51848421,The Fox and Dog Tavern
57092310,The White Chasm Tavern
75970667,The Dirty Skull Pub
85409848,The White Stag Pub
89604169,The Gold Dungeon Hostel
92750863,The Silver Guard Tavern
99043338,The Lynx and Chasm Inn
100091918,The Crimson Stag Lodge
109531082,The Crimson Goblin Tavern
115823544,The Dirty Priest Inn
132603731,The Red Dragon Tavern
151481123,The Knave and Woodchuck Inn
152529710,The Savage Bird Inn
174552797,The White Ogre Lodge
186089148,The Laughing Dagger Hostel
188186309,The Dwarf and Helm Tavern
189235845,The Lynx and Sword Lodge
194478770,The Rusty Helm Pub
209161765,The Silver Scorpion Tavern
214404691,The Dancing Guard Pub
219648564,The King's Hedgehog Hostel
241670681,The Pig and Priest Tavern
1472793,The Rat and Scorpion Lodge
14062727,The Devil's Muskrat Hostel
26648635,The Gold Helm Pub
31894520,The Dirty Skull Pub
38188936,The Fox and Jug Hostel
39237520,The Savage Porcupine Hostel
44482396,The Queen's Goat Lodge
49726284,The Silver Barbarian Pub
62313197,The Silver Rascal Lodge
72800987,The Howling Giant Tavern
78045848,The Rusty Ogre Pub
79094443,The Crimson Jug Pub
82241157,The Screaming Ogre Lodge
89583206,The Lynx and Guard Lodge
97975791,The Dancing Giant Tavern
107417960,The Silver Helm Lodge
116861158,The Savage Mug Tavern
122108043,The Silver Djinn Hostel
5651115,The Mole and Porcupine Tavern
19286620,The Beaver and Pit Hostel
20335209,The Savage Sword Lodge
22434346,The Dirty Badger Tavern
23482926,The Dwarf and Griffin Pub
27679216,The White Guard Lodge
43413851,The Laughing Wolf Hostel
46560592,The Green Stag Pub
52857051,The Green Priest Lodge
54956200,The Black Pit Hostel
389307,The Bat and Badger Inn
3539033,The Red Fawn Tavern
11934644,The Crimson Porcupine Pub
22425408,The Fox and Griffin Inn
26620731,The Queen's Jug Lodge
28718877,The Dirty Muskrat Hostel
31866571,The Lion and Pit Pub
35013293,The Lucky Goblin Lodge
36061878,The Feather and Fairy Lodge
39209582,The Mouse and Dragon Pub
45502082,The Green Scorpion Inn
48648775,The Dead Fawn Hostel
57040398,The Bat and Pit Lodge
61236724,The Dead Skull Hostel
64383429,The Feather and Rascal Tavern
66481563,The Dwarf and Hedgehog Lodge
68579726,The Green Pit Lodge
76970322,The Unfortunate Dog Tavern
81165675,The Savage Rascal Lodge
92702970,The Gold Djinn Hostel
96900291,The Devil's Dragon Pub
98998394,The King's Pit Lodge
102145120,The Dancing Stag Tavern
116830207,The King's Dog Lodge
119976914,The Dead Castle Tavern
128369551,The Screaming Jug Inn
143054615,The Knave and Rascal Tavern
150398633,The Toad and Djinn Tavern
5607405,The Beaver and Badger Hostel
20291416,The Mouse and Goblin Hostel
30779156,The Black Bird Inn
39168809,The Lucky Stag Hostel
46510880,The Devil's Muskrat Inn
53852894,The King's Sword Lodge
66438763,The Bat and Stag Hostel
73780790,The Mole and Dragon Lodge
75878925,The Black Gnome Tavern
79024710,The Pig and Griffin Inn
82171415,The Rat and Goblin Lodge
105247049,The Laughing Pit Lodge
125178025,The Unfortunate Dragon Inn
128326740,The Fox and Priest Hostel
132522046,The Toad and Goat Inn
140918640,The Rat and Dragon Pub
141968209,The Dead Pit Pub
147215099,The Gold Skull Hostel
149313239,The Mouse and Pit Pub
5537449,The Black Ogre Tavern
11832914,The Dirty Goblin Lodge
13931053,The Feather and Dungeon Hostel
18127349,The Feather and Guard Pub
26520958,The Queen's Dog Lodge
29668652,The Savage Guard Tavern
32814392,The Gold Fawn Pub
33862990,The Rusty Gnome Pub
34912529,The Thirsty Pit Tavern
38059272,The Green Badger Lodge
40156445,The Howling Goblin Inn
41205985,The Toad and Woodchuck Lodge
61134930,The Lion and Ogre Tavern
63232144,The Crimson Hedgehog Inn
68476969,The Queen's Ogre Lodge
69525559,The Green Fairy Tavern
70574171,The Savage Djinn Lodge
71622749,The Savage Ogre Inn
81062861,The Lucky Porcupine Tavern
90501078,The Red Ogre Tavern
91549659,The Crimson Goat Inn
93646836,The Fox and Chasm Lodge
111476611,The Mouse and Bird Tavern
112525195,The Beaver and Rascal Inn
119866214,The Fox and Griffin Inn
121964314,The Crimson Skull Lodge
123012911,The Toad and Muskrat Inn
125110127,The Dirty Huntsman Hostel
126159623,The Silver Djinn Hostel
139795103,The Thirsty Stag Lodge
142940851,The Green Dog Hostel
143989439,The Silver Djinn Pub
146086639,The Knave and Cat Inn
161818247,The Savage Jug Lodge
182792785,The Dirty Cat Inn
188037593,The White Goblin Lodge
191183391,The Lion and Skull Tavern
197476777,The Thirsty Huntsman Lodge
199573971,The Dancing Pit Pub
206915950,The Restless Badger Hostel
207964555,The Laughing Mug Inn
209013134,The Crimson Stag Pub
211111264,The Crimson Stag Lodge
216354216,The Dead Dungeon Hostel
217402818,The Lynx and Helm Tavern
220550441,The Laughing Mug Pub
229988696,The Savage Huntsman Lodge
239427845,The Knave and Pit Inn
240476426,The Fox and Woodchuck Inn
242573596,The Gold Stag Hostel
245720256,The Screaming Jug Pub
253062293,The Lynx and Ogre Lodge
258306215,The Toad and Fairy Lodge
261451974,The Toad and Dungeon Inn
262500580,The Restless Chasm Hostel
264598647,The Screaming Muskrat Tavern
265647254,The Flying Skull Lodge
267744440,The Red Goat Lodge
274037844,The King's Pit Lodge
276135069,The Fox and Castle Pub
277184536,The Crimson Jug Hostel
280330298,The King's Griffin Tavern
283476094,The Lion and Helm Hostel
298159145,The Rat and Barbarian Inn
308647948,The Feather and Scorpion Tavern
312843250,The Dwarf and Castle Lodge
313892777,The Thirsty Muskrat Pub
318088116,The Lion and Wolf Pub
328577870,The Black Priest Pub
329626448,The Lynx and Guard Hostel
332774175,The Unfortunate Dragon Inn
333822763,The Feather and Castle Pub
344313504,The Beaver and Fairy Hostel
349561405,The Black Stag Pub
18154488,The Gold Muskrat Hostel
27595679,The Flying Skull Inn
30744409,The Red Goblin Inn
42285754,The Feather and Cat Pub
46485059,The Bat and Griffin Inn
263832,The Black Porcupine Inn
4471139,The Screaming Fawn Tavern
20206726,The Lucky Barbarian Lodge
41186275,The Gold Guard Lodge
52724578,The Red Giant Hostel
55871334,The Laughing Djinn Lodge
61114243,The Knave and Guard Tavern
77894446,The Dead Dungeon Pub
81040183,The Gold Giant Hostel
82088768,The Black Skull Tavern
84186864,The Rusty Goblin Inn
89430751,The Unfortunate Rascal Pub
105162414,The Red Woodchuck Lodge
111455862,The Savage Giant Lodge
116698803,The Thirsty Badger Tavern
120895028,The Toad and Mug Lodge
122992201,The Red Griffin Pub
125089381,The Crimson Porcupine Inn
137675238,The Savage Barbarian Lodge
148164001,The Dead Dungeon Tavern
151309812,The Laughing Ogre Tavern
157603241,The Laughing Dungeon Pub
7658801,The Restless Guard Pub
9755963,The Mole and Helm Inn
10804586,The White Bird Inn
11854122,The Dwarf and Dagger Inn
20243703,The Feather and Pit Inn
23390436,The Red Rascal Lodge
24439033,The Devil's Guard Tavern
34925762,The Howling Mug Pub
43315439,The White Griffin Tavern
48559238,The Feather and Rascal Tavern
49607816,The Mouse and Hedgehog Tavern
50656408,The Howling Bird Hostel
68483299,The Feather and Porcupine Hostel
72678520,The White Priest Inn
74775737,The Green Chasm Inn
75824329,The Laughing Djinn Hostel
78970958,The Screaming Cat Inn
81068130,The Red Jug Hostel
83165295,The Dead Giant Lodge
85262491,The Unfortunate Ogre Hostel
86311069,The Unfortunate Rascal Hostel
92603443,The Laughing Skull Pub
97846393,The Beaver and Badger Pub
102041632,The Restless Wolf Inn
104138804,The Pig and Badger Inn
113576110,The Silver Cat Inn
117771371,The Flying Castle Hostel
118820845,The Crimson Scorpion Tavern
127209543,The Crimson Skull Hostel
132452454,The Dirty Woodchuck Tavern
162863159,The Black Dagger Tavern
179641422,The Dirty Woodchuck Pub
181739387,The Gold Hedgehog Inn
182787972,The Restless Giant Inn
198516727,The White Barbarian Pub
201662522,The Restless Bird Pub
202711911,The Knave and Hedgehog Tavern
205857662,The Mouse and Cat Lodge
214246423,The Rat and Skull Hostel
218441563,The Fox and Guard Tavern
225781679,The Laughing Barbarian Lodge
242559869,The Thirsty Dagger Pub
244657120,The Unfortunate Dungeon Tavern
253046612,The Dirty Goblin Lodge
255143786,The Beaver and Chasm Lodge
261435349,The Dwarf and Djinn Hostel
264581942,The Howling Wolf Pub
268776315,The Feather and Stag Hostel
271922121,The Mole and Cat Tavern
272971493,The Savage Pit Inn
277165828,The Restless Dungeon Hostel
278214406,The Knave and Stag Pub
279262984,The Lion and Goat Lodge
284505906,The White Goat Lodge
288700299,The White Cat Pub
296041177,The Knave and Stag Inn
309673755,The Silver Porcupine Inn
314916731,The Bat and Ogre Tavern
318063273,The Knave and Jug Tavern
332743495,The Pig and Scorpion Lodge
335889247,The White Woodchuck Inn
345328240,The Flying Dragon Hostel
346376822,The Flying Fairy Hostel
352668348,The Unfortunate Bird Lodge
361057875,The Dancing Muskrat Pub
371543772,The Lynx and Guard Lodge
384127648,The Restless Dog Pub
388322008,The Toad and Hedgehog Inn
389370586,The Savage Hedgehog Inn
391467771,The Mole and Gnome Lodge
392516358,The Feather and Goat Inn
394614323,The Mole and Dungeon Lodge
410343131,The Beaver and Stag Pub
416635429,The Laughing Scorpion Tavern
431316469,The Lynx and Castle Tavern
436559505,The Rat and Griffin Tavern
444949018,The Dancing Griffin Pub
445997603,The Thirsty Muskrat Tavern
454386290,The Lucky Dungeon Inn
457532048,The Lucky Griffin Inn
460677795,The Dwarf and Dagger Hostel
475358835,The Devil's Goat Inn
485845495,The Flying Badger Tavern
490039873,The Dwarf and Dog Inn
492137037,The Knave and Dungeon Lodge
502623699,The Mole and Huntsman Pub
517304760,The Restless Fairy Inn
519401958,The Beaver and Hedgehog Lodge
524644891,The Rusty Dagger Tavern
540374466,The White Giant Hostel
550861132,The Devil's Ogre Hostel
554006892,The Knave and Badger Pub
558201285,The Laughing Castle Hostel
571833724,The Lion and Gnome Pub
576028073,The Flying Huntsman Pub
577076667,The Knave and Ogre Lodge
583369031,The Lynx and Fawn Tavern
600147293,The King's Huntsman Pub
603293075,The Feather and Bird Pub
609585431,The Pig and Sword Pub
611682603,The Gold Hedgehog Lodge
643140943,The Knave and Dog Tavern
648383883,The Rat and Dungeon Hostel
656773379,The King's Muskrat Hostel
670404995,The Dead Barbarian Inn
672502957,The Mouse and Mug Tavern
676697295,The Lion and Griffin Tavern
685086009,The Lynx and Dog Tavern
698718439,The Fox and Fairy Tavern
700815635,The Crimson Griffin Pub
707107981,The Mole and Fairy Tavern
713399529,The Lion and Fawn Tavern
730177775,The Mole and Huntsman Inn
734372097,The Screaming Porcupine Tavern
744858787,The Knave and Fairy Hostel
763734198,The Beaver and Woodchuck Tavern
768977132,The Feather and Djinn Pub
775269497,The Knave and Dog Tavern
780513291,The Rusty Porcupine Pub
799387827,The Red Castle Inn
802533568,The Crimson Giant Tavern
808825980,The Fox and Priest Pub
817215462,The Beaver and Goat Hostel
819312622,The Pig and Bird Inn
821409818,The Mole and Jug Lodge
823506977,The Thirsty Castle Hostel
833992850,The Mouse and Mug Hostel
840285231,The Gold Gnome Pub
841333861,The Restless Fairy Tavern
842383311,The Rat and Gnome Lodge
864405467,The Restless Goat Inn
869648418,The Bat and Mug Inn
871745575,The Restless Cat Tavern
883282873,The Lion and Bird Lodge
885380046,The Beaver and Goblin Inn
906355550,The Red Hedgehog Pub
908452747,The Lion and Dagger Lodge
911599421,The Silver Dragon Pub
915793775,The Black Ogre Inn
917891923,The Knave and Sword Tavern
918941444,The Lynx and Muskrat Pub
921038648,The Knave and Woodchuck Pub
925233927,The Beaver and Dog Lodge
932574977,The Mouse and Scorpion Tavern
939916995,The Howling Barbarian Hostel
273913,The Dwarf and Woodchuck Tavern
1323474,The Lion and Fairy Lodge
18107745,The Thirsty Priest Tavern
19156337,The Mouse and Jug Inn
23351644,The Mouse and Pit Inn
28596456,The Toad and Hedgehog Hostel
29645077,The Toad and Huntsman Pub
40133834,The Beaver and Wolf Inn
45378664,The Dirty Muskrat Lodge
53768320,The Mole and Cat Pub
68453381,The Lucky Mug Hostel
70550559,The Rat and Fawn Hostel
73698210,The Lion and Dagger Hostel
74746796,The Green Griffin Tavern
75795387,The Knave and Huntsman Pub
76843967,The Savage Bird Pub
77893522,The Dead Goat Tavern
81039304,The Savage Dagger Lodge
89430835,The Mouse and Castle Inn
92576608,The Mouse and Goat Tavern
96770977,The Dwarf and Skull Tavern
97820502,The Lion and Dagger Pub
98869117,The Dancing Rascal Lodge
102015772,The Laughing Priest Hostel
112503570,The White Huntsman Inn
133479128,The Dancing Dog Lodge
139772506,The Rat and Castle Lodge
141869683,The Screaming Bird Pub
145016441,The Green Dragon Tavern
165992887,The Black Gnome Lodge
169138668,The Mole and Huntsman Inn
171235839,The Lynx and Hedgehog Hostel
182773165,The Lucky Fairy Pub
183821745,The Queen's Fawn Pub
188016077,The Dirty Fairy Pub
189065602,The White Djinn Inn
191162785,The Feather and Fawn Lodge
233112751,The Green Ogre Tavern
238355722,The King's Mug Lodge
240453781,The Thirsty Cat Tavern
248843466,The Savage Guard Inn
249893005,The Mole and Huntsman Tavern
250941592,The Lion and Cat Tavern
267723859,The Flying Woodchuck Hostel
275065870,The Lucky Cat Inn
278213585,The Gold Jug Hostel
284507072,The Rusty Giant Lodge
286605199,The Gold Muskrat Tavern
288703342,The White Ogre Hostel
302340830,The Mole and Goblin Hostel
305487566,The Pig and Fawn Hostel
315977355,The King's Guard Hostel
321222214,The Devil's Skull Lodge
326467084,The Rusty Badger Pub
327515666,The Lion and Skull Hostel
331711963,The Restless Muskrat Hostel
341151161,The Rusty Wolf Hostel
342199760,The Lynx and Porcupine Pub
346396052,The Pig and Djinn Lodge
349542774,The Red Wolf Lodge
354787672,The Dancing Guard Pub
372631428,The Restless Gnome Lodge
373680997,The Thirsty Helm Lodge
1472441,The Fox and Huntsman Hostel
3569621,The Pig and Chasm Pub
4619204,The King's Woodchuck Pub
7765882,The Green Scorpion Hostel
13010764,The Green Priest Inn
21401384,The Rat and Skull Inn
24548081,The Lynx and Woodchuck Inn
26645270,The Bat and Rascal Pub
27693893,The Howling Giant Pub
30840617,The Restless Priest Hostel
47620780,The Queen's Djinn Hostel
56011436,The Dead Cat Lodge
62305837,The Beaver and Fawn Inn
67548779,The Flying Mug Pub
79086066,The Red Pit Lodge
86427094,The Red Muskrat Pub
92720535,The Feather and Guard Pub
99013029,The Bat and Gnome Tavern
112647526,The Toad and Badger Hostel
118940002,The Crimson Giant Pub
128379110,The Gold Barbarian Pub
142012670,The Flying Helm Hostel
147256542,The Silver Djinn Lodge
150403212,The Laughing Helm Tavern
157744242,The Restless Woodchuck Pub
162987187,The Bat and Skull Hostel
178719750,The Unfortunate Dungeon Hostel
180816986,The Rusty Helm Hostel
182915061,The Black Wolf Hostel
183963646,The Flying Griffin Tavern
186060849,The Dead Mug Tavern
190257090,The Beaver and Mug Inn
199696322,The Mouse and Goblin Tavern
201794448,The Devil's Gnome Tavern
208086928,The Silver Djinn Tavern
4612957,The Dirty Huntsman Pub
7761676,The King's Woodchuck Pub
11960970,The Pig and Giant Pub
14058141,The Fox and Skull Lodge
3566186,The Lion and Ogre Inn
10910218,The Mole and Dungeon Lodge
22450564,The Bat and Griffin Inn
29793591,The Mole and Gnome Hostel
42389527,The White Bird Pub
6741890,The Knave and Porcupine Lodge
17234648,The Unfortunate Chasm Lodge
25630227,The Crimson Fairy Lodge
27727383,The Green Ogre Inn
28775969,The Dirty Sword Pub
34020840,The Mouse and Chasm Tavern
45561212,The Beaver and Muskrat Inn
60251277,The Dancing Helm Lodge
1252547,The King's Jug Hostel
5448856,The Devil's Muskrat Hostel
16988198,The Queen's Woodchuck Lodge
19088330,The Black Badger Pub
29582111,The Mole and Castle Inn
31681247,The Screaming Ogre Inn
52700788,The Restless Stag Hostel
3249790,The Green Muskrat Hostel
14787162,The Devil's Castle Pub
26325463,The Howling Rascal Inn
33667511,The Laughing Chasm Tavern
39960983,The Howling Woodchuck Lodge
55694643,The Dancing Huntsman Pub
56743221,The Feather and Helm Hostel
58841377,The Flying Wolf Inn
66184405,The Red Dagger Tavern
71429270,The Rat and Giant Inn
77722743,The Pig and Hedgehog Hostel
102899527,The Silver Fairy Hostel
140670259,The Unfortunate Badger Lodge
3198830,The Bat and Stag Hostel
12642023,The Savage Skull Lodge
33619575,The Dead Dog Hostel
36766289,The Rusty Jug Pub
48304613,The Mole and Priest Tavern
110187547,The Rusty Cat Pub
112284726,The Bat and Pit Pub
132210694,The Mole and Fairy Pub
139552719,The Gold Bird Tavern
164724562,The Black Goat Lodge
180459210,The Crimson Badger Hostel
4247612,The Green Cat Inn
54589284,The Pig and Dog Pub
57735965,The Savage Huntsman Lodge
120655458,The Mouse and Chasm Inn
148969059,The Rusty Cat Lodge
165747293,The Crimson Guard Tavern
168893075,The Pig and Dungeon Lodge
198255178,The Mole and Helm Hostel
201400927,The Dead Ogre Lodge
208741861,The Knave and Scorpion Pub
232860210,The Restless Dungeon Tavern
260125139,The Toad and Dungeon Pub
337724806,The Crimson Chasm Tavern
441544819,The Pig and Sword Hostel
446788661,The Knave and Gnome Pub
466713599,The Fox and Djinn Hostel
500272021,The Lucky Chasm Lodge
516002668,The Screaming Muskrat Inn
539074359,The Dead Chasm Lodge
540123879,The Gold Goblin Hostel
551659245,The Flying Rascal Inn
571585175,The Screaming Giant Hostel
585220670,The Toad and Dungeon Pub
605151592,The Dirty Porcupine Hostel
615640369,The Dead Chasm Pub
617738508,The Knave and Cat Pub
